﻿<?xml version="1.0" encoding="utf-8"?>
<list>
  <book book_name="Harry potter" Genre="fantasy" year="1997" pages="223" />
  <book book_name="Halo: bad blood" Genre="sci-fi" year="2018" pages="352" />
  <book book_name="the giver" Genre="Dystopian Fiction" year="1993" pages="240" />
  <book book_name="the hunger games" Genre="Dystopian Fiction" year="2008" pages="374" />
  <book book_name="ender's game" Genre="sci-fi" year="1985" pages="324" />
  <book book_name="animal farm" Genre="political fiction" year="1945" pages="112" />
  <book book_name="The Hate U Give" Genre="young adult fiction" year="2017" pages="464" />
  <book book_name="to kill a mockingbird" Genre="domestic fiction" year="1960" pages="296" />
  <book book_name="the shining" Genre="horror" year="1977" pages="447" />
  <book book_name="Halo:Renegades" Genre="sci-fi" year="2019" pages="352" />
</list>